
{
	"allowSleep" : true,
	"autoClearForces" : true,
	"body" : 
	[
		
		{
			"angle" : 0,
			"angularVelocity" : 0,
			"awake" : true,
			"bullet" : true,
			"fixture" : 
			[
				
				{
					"density" : 1,
					"filter-categoryBits" : 32,
					"filter-maskBits" : 286,
					"friction" : 0.2000000029802322,
					"name" : "fixture0",
					"polygon" : 
					{
						"vertices" : 
						{
							"x" : 
							[
								0.50,
								-2.185569947243948e-008,
								-0.09873189777135849,
								5.962439875162318e-009
							],
							"y" : 
							[
								0.0,
								0.01596009917557240,
								-4.371139894487897e-008,
								-0.02336686104536057
							]
						}
					},
					"sensor" : true
				}
			],
			"linearVelocity" : 
			{
				"x" : 0,
				"y" : 0
			},
			"name" : "arrowBody0",
			"position" : 
			{
				"x" : 0,
				"y" : 0
			},
			"type" : 0
		}
	],
	"collisionbitplanes" : 
	{
		"names" : 
		[
			"bitplane1",
			"bitplane2",
			"bitplane3",
			"bitplane4",
			"bitplane5",
			"bitplane6",
			"bitplane7",
			"bitplane8",
			"bitplane9",
			"bitplane10",
			"bitplane11",
			"bitplane12",
			"bitplane13",
			"bitplane14",
			"bitplane15",
			"bitplane16",
			"bitplane17",
			"bitplane18",
			"bitplane19",
			"bitplane20",
			"bitplane21",
			"bitplane22",
			"bitplane23",
			"bitplane24",
			"bitplane25",
			"bitplane26",
			"bitplane27",
			"bitplane28",
			"bitplane29",
			"bitplane30",
			"bitplane31",
			"bitplane32"
		]
	},
	"continuousPhysics" : true,
	"gravity" : 
	{
		"x" : 0,
		"y" : -10.0
	},
	"image" : 
	[
		
		{
			"aspectScale" : 1,
			"body" : 0,
			"center" : 
			{
				"x" : -0.001519501209259033,
				"y" : -2.359890061143233e-011
			},
			"corners" : 
			{
				"x" : 
				[
					-1.323608160018921,
					1.320569157600403,
					1.320569157600403,
					-1.323608160018921
				],
				"y" : 
				[
					-0.06745350360870361,
					-0.06745350360870361,
					0.06745350360870361,
					0.06745350360870361
				]
			},
			"file" : "images/arrow.png",
			"filter" : 1,
			"glDrawElements" : [ 0, 1, 2, 2, 3, 0 ],
			"glTexCoordPointer" : [ 0.0, 0.0, 1.0, 0.0, 1.0, 1.0, 0.0, 1.0 ],
			"glVertexPointer" : 
			[
				-1.323608160018921,
				-0.06745350360870361,
				1.320569157600403,
				-0.06745350360870361,
				1.320569157600403,
				0.06745350360870361,
				-1.323608160018921,
				0.06745350360870361
			],
			"name" : "arrowSprite0",
			"opacity" : 0,
			"renderOrder" : -5.0,
			"scale" : 0.1349070072174072
		},
		
		{
			"aspectScale" : 1,
			"body" : 0,
			"center" : 
			{
				"x" : -0.001519501209259033,
				"y" : -2.359890061143233e-011
			},
			"corners" : 
			{
				"x" : 
				[
					-1.323608160018921,
					1.320569157600403,
					1.320569157600403,
					-1.323608160018921
				],
				"y" : 
				[
					-0.06745350360870361,
					-0.06745350360870361,
					0.06745350360870361,
					0.06745350360870361
				]
			},
			"file" : "images/arrow.png",
			"filter" : 1,
			"glDrawElements" : [ 0, 1, 2, 2, 3, 0 ],
			"glTexCoordPointer" : [ 0.0, 0.0, 1.0, 0.0, 1.0, 1.0, 0.0, 1.0 ],
			"glVertexPointer" : 
			[
				-1.323608160018921,
				-0.06745350360870361,
				1.320569157600403,
				-0.06745350360870361,
				1.320569157600403,
				0.06745350360870361,
				-1.323608160018921,
				0.06745350360870361
			],
			"name" : "arrowSprite0_1",
			"opacity" : 0,
			"renderOrder" : -5.0,
			"scale" : 0.1349070072174072
		}
	],
	"positionIterations" : 3,
	"stepsPerSecond" : 60.0,
	"subStepping" : false,
	"velocityIterations" : 8,
	"warmStarting" : true
}
