{"allowSleep":true,"autoClearForces":true,"body":[{"angle":0,"angularVelocity":0,"awake":true,"bullet":true,"fixture":[{"circle":{"center":{"x":0,"y":0},"radius":0.02999999932944775},"density":50.0,"filter-categoryBits":32,"filter-maskBits":286,"friction":0.2000000029802322,"name":"bulletFixture0"}],"linearVelocity":{"x":0,"y":0},"massData-I":6.361724808812141e-005,"massData-mass":0.1413716673851013,"name":"bulletBody0","position":{"x":0,"y":0},"type":2}],"collisionbitplanes":{"names":["bitplane1","bitplane2","bitplane3","bitplane4","bitplane5","bitplane6","bitplane7","bitplane8","bitplane9","bitplane10","bitplane11","bitplane12","bitplane13","bitplane14","bitplane15","bitplane16","bitplane17","bitplane18","bitplane19","bitplane20","bitplane21","bitplane22","bitplane23","bitplane24","bitplane25","bitplane26","bitplane27","bitplane28","bitplane29","bitplane30","bitplane31","bitplane32"]},"continuousPhysics":true,"gravity":{"x":0,"y":-10.0},"image":[{"aspectScale":1,"body":0,"center":{"x":-0.0004733577370643616,"y":-0.0005738139152526856},"corners":{"x":[-0.03380669280886650,0.03285997733473778,0.03285997733473778,-0.03380669280886650],"y":[-0.03057381324470043,-0.03057381324470043,0.02942618541419506,0.02942618541419506]},"file":"images/camera_dot.png","filter":1,"glDrawElements":[0,1,2,2,3,0],"glTexCoordPointer":[0.0,0.0,1.0,0.0,1.0,1.0,0.0,1.0],"glVertexPointer":[-0.03380669280886650,-0.03057381324470043,0.03285997733473778,-0.03057381324470043,0.03285997733473778,0.02942618541419506,-0.03380669280886650,0.02942618541419506],"name":"bulletSprite0","opacity":1,"renderOrder":2.0,"scale":0.05999999865889549}],"positionIterations":3,"stepsPerSecond":60.0,"subStepping":false,"velocityIterations":8,"warmStarting":true}
