
{
	"allowSleep" : true,
	"autoClearForces" : true,
	"body" : 
	[
		
		{
			"angle" : 0,
			"angularVelocity" : 0,
			"awake" : true,
			"bullet" : true,
			"fixture" : 
			[
				
				{
					"density" : 1,
					"filter-categoryBits" : 32,
					"filter-maskBits" : 286,
					"friction" : 0.2,
					"name" : "fixture0",
					"polygon" : 
					{
						"vertices" : 
						{
							"x" : 
							[
								0.5,
								-2.185569947243948e-008,
								-0.09873190522193909,
								5.962439875162318e-009
							],
							"y" : 
							[
								0.0,
								0.01596009917557240,
								-4.371139894487897e-008,
								-0.02336686104536057
							]
						}
					},
					"sensor" : true
				}
			],
			"linearVelocity" : 0,
			"name" : "arrowBody0",
			"position" : 0,
			"type" : 0
		}
	],
	"collisionbitplanes" : 
	{
		"names" : 
		[
			"bitplane1",
			"bitplane2",
			"bitplane3",
			"bitplane4",
			"bitplane5",
			"bitplane6",
			"bitplane7",
			"bitplane8",
			"bitplane9",
			"bitplane10",
			"bitplane11",
			"bitplane12",
			"bitplane13",
			"bitplane14",
			"bitplane15",
			"bitplane16",
			"bitplane17",
			"bitplane18",
			"bitplane19",
			"bitplane20",
			"bitplane21",
			"bitplane22",
			"bitplane23",
			"bitplane24",
			"bitplane25",
			"bitplane26",
			"bitplane27",
			"bitplane28",
			"bitplane29",
			"bitplane30",
			"bitplane31",
			"bitplane32"
		]
	},
	"continuousPhysics" : true,
	"gravity" : 
	{
		"x" : 0,
		"y" : -10
	},
	"image" : 
	[
		
		{
			"aspectScale" : 1,
			"body" : 0,
			"center" : 
			{
				"x" : 0.1789177209138870,
				"y" : -0.001340121030807495
			},
			"corners" : 
			{
				"x" : 
				[
					-0.1279004663228989,
					0.4857359230518341,
					0.4857359230518341,
					-0.1279004663228989
				],
				"y" : 
				[
					-0.07634012401103973,
					-0.07634012401103973,
					0.07365988194942474,
					0.07365988194942474
				]
			},
			"file" : "images/bazooka_load.png",
			"filter" : 1,
			"glDrawElements" : [ 0, 1, 2, 2, 3, 0 ],
			"glTexCoordPointer" : [ 0.0, 0.0, 1, 0.0, 1, 1, 0.0, 1 ],
			"glVertexPointer" : 
			[
				-0.1279004663228989,
				-0.07634012401103973,
				0.4857359230518341,
				-0.07634012401103973,
				0.4857359230518341,
				0.07365988194942474,
				-0.1279004663228989,
				0.07365988194942474
			],
			"name" : "arrowSprite0",
			"opacity" : 1,
			"scale" : 0.15
		}
	],
	"positionIterations" : 3,
	"stepsPerSecond" : 60.0,
	"subStepping" : false,
	"velocityIterations" : 8,
	"warmStarting" : true
}
