{"allowSleep":true,"autoClearForces":true,"body":[{"angle":0,"angularVelocity":0,"awake":true,"bullet":true,"fixture":[{"density":1,"filter-categoryBits":32,"filter-maskBits":286,"friction":0.2000000029802322,"name":"fixture0","polygon":{"vertices":{"x":[0.02336680889129639,0.001051701372489333,-0.01596006378531456,-0.0002076292439596728],"y":[-4.914395685773343e-005,0.4999988973140717,3.354866203153506e-005,-0.09873168915510178]}},"sensor":true}],"linearVelocity":{"x":0,"y":0},"name":"arrowBody0","position":{"x":0,"y":0},"type":0}],"collisionbitplanes":{"names":["bitplane1","bitplane2","bitplane3","bitplane4","bitplane5","bitplane6","bitplane7","bitplane8","bitplane9","bitplane10","bitplane11","bitplane12","bitplane13","bitplane14","bitplane15","bitplane16","bitplane17","bitplane18","bitplane19","bitplane20","bitplane21","bitplane22","bitplane23","bitplane24","bitplane25","bitplane26","bitplane27","bitplane28","bitplane29","bitplane30","bitplane31","bitplane32"]},"continuousPhysics":true,"gravity":{"x":0,"y":-10.0},"image":[{"aspectScale":1,"body":0,"center":{"x":0.003510894253849983,"y":-0.002863109111785889},"corners":{"x":[-0.06409115344285965,0.07111293822526932,0.07111293822526932,-0.06409115344285965],"y":[-1.327863216400147,-1.327863216400147,1.322136878967285,1.322136878967285]},"file":"images/arrow_v.png","filter":1,"glDrawElements":[0,1,2,2,3,0],"glTexCoordPointer":[0.0,0.0,1.0,0.0,1.0,1.0,0.0,1.0],"glVertexPointer":[-0.06409115344285965,-1.327863216400147,0.07111293822526932,-1.327863216400147,0.07111293822526932,1.322136878967285,-0.06409115344285965,1.322136878967285],"name":"arrowSprite0","opacity":1,"renderOrder":-5.0,"scale":2.650000095367432},{"aspectScale":1,"body":0,"center":{"x":0.003510894253849983,"y":-0.002863109111785889},"corners":{"x":[-0.06409115344285965,0.07111293822526932,0.07111293822526932,-0.06409115344285965],"y":[-1.327863216400147,-1.327863216400147,1.322136878967285,1.322136878967285]},"file":"images/arrow_v.png","filter":1,"glDrawElements":[0,1,2,2,3,0],"glTexCoordPointer":[0.0,0.0,1.0,0.0,1.0,1.0,0.0,1.0],"glVertexPointer":[-0.06409115344285965,-1.327863216400147,0.07111293822526932,-1.327863216400147,0.07111293822526932,1.322136878967285,-0.06409115344285965,1.322136878967285],"name":"arrowSprite0_1","opacity":1,"renderOrder":-5.0,"scale":2.650000095367432}],"positionIterations":3,"stepsPerSecond":60.0,"subStepping":false,"velocityIterations":8,"warmStarting":true}
